#Minecraft video Camera Matrix,,
370.4217743,0,600
0,201.879867,327
0,0,1
